2,2,2f7b67ae-16c9-11ed-bac4-1cbfc0ccd488,http://localhost:82/Temp/wm-data-net.zip,2022-08-08 11:21:28
4,2,f6a75964-16c9-11ed-8cb8-1cbfc0ccd488,http://localhost:82/Temp/wm-data-net.zip,2022-08-08 11:27:02
6,2,813fc324-16ca-11ed-a457-1cbfc0ccd488,https://github.com/rishit-singh/OpenShell.git,2022-08-08 11:31:02
7,2,95e6e6ac-16ca-11ed-9d74-1cbfc0ccd488,https://github.com/rishit-singh/OpenShell.git,2022-08-08 11:31:46
9,2,d17b0fc6-16ca-11ed-ae94-1cbfc0ccd488,https://github.com/rishit-singh/OpenShell.git,2022-08-08 11:33:10
10,2,d722ced4-16ca-11ed-a04e-1cbfc0ccd488,https://github.com/rishit-singh/OpenShell.git,2022-08-08 11:34:05
12,2,8eb0e88a-16cb-11ed-9f6c-1cbfc0ccd488,https://github.com/rishit-singh/OpenShell.git,2022-08-08 11:38:28
14,-1,cf5dabd2-16cb-11ed-a818-1cbfc0ccd488,http://localhost:82/Temp/wm-data-net.zip,2022-08-08 11:40:14
16,-1,e84ebcdc-16cb-11ed-a7bf-1cbfc0ccd488,http://localhost:82/Temp/wm-data-net.zip,2022-08-08 11:40:56
17,-1,ffb2979e-16cb-11ed-821b-1cbfc0ccd488,http://localhost:82/Temp/wm-data-net.zip,2022-08-08 11:41:35
18,-1,05898a58-16cc-11ed-9213-1cbfc0ccd488,http://localhost:82/Temp/wm-data-net.zip,2022-08-08 11:41:45
20,-1,26086b4c-16cc-11ed-8328-1cbfc0ccd488,http://localhost:82/Temp/wm-data-net.zip,2022-08-08 11:42:40
21,-1,2ac8a9ee-16cc-11ed-9af6-1cbfc0ccd488,http://localhost:82/Temp/wm-data-net.zip,2022-08-08 11:42:48
23,-1,69bdeddc-16cc-11ed-8ec0-1cbfc0ccd488,http://localhost:82/Temp/wm-data-net.zip,2022-08-08 11:44:33
24,2,74efd09e-16cc-11ed-9c3b-1cbfc0ccd488,http://localhost:82/Temp/wm-data-net.zip,2022-08-08 11:44:53
25,2,7bf83bba-16cc-11ed-aa04-1cbfc0ccd488,http://localhost:82/Temp/wm-data-net.zip,2022-08-08 11:45:05
26,2,80f07a78-16cc-11ed-891b-1cbfc0ccd488,http://localhost:82/Temp/wm-data-net.zip,2022-08-08 11:45:14
28,2,566542f6-16cd-11ed-a46e-1cbfc0ccd488,http://localhost:82/Temp/wm-data-net.zip,2022-08-08 11:51:11
29,2,6a4bbbee-16cd-11ed-8ce7-1cbfc0ccd488,http://localhost:82/Temp/wm-data-net.zip,2022-08-08 11:51:45
31,2,e0bbe7d2-170d-11ed-b6b1-1cbfc0ccd488,http://localhost:82/Temp/wm-data-net.zip,2022-08-08 19:33:11
33,2,e3958cfa-170f-11ed-afde-1cbfc0ccd488,http://localhost:82/Temp/wm-data-net.zip,2022-08-08 19:47:35
34,2,34c0deae-1710-11ed-86fc-1cbfc0ccd488,http://localhost:82/Temp/wm-data-net.zip,2022-08-08 19:49:52
35,2,7df64376-1710-11ed-a843-1cbfc0ccd488,http://localhost:82/Temp/wm-data-net.zip,2022-08-08 19:51:54
36,2,ac8bea18-1710-11ed-9602-1cbfc0ccd488,http://localhost:82/Temp/wm-data-net.zip,2022-08-08 19:53:12
37,2,de2f873a-1710-11ed-bd1a-1cbfc0ccd488,http://localhost:82/Temp/wm-data-net.zip,2022-08-08 19:54:36
38,2,751287da-1713-11ed-b4fa-1cbfc0ccd488,http://localhost:82/Temp/wm-data-net.zip,2022-08-08 20:13:08
39,2,90345ef8-1714-11ed-af87-1cbfc0ccd488,http://localhost:82/Temp/wm-data-net.zip,2022-08-08 20:21:03
40,2,3a713f58-177d-11ed-a4f3-1cbfc0ccd488,http://localhost:82/Temp/wm-data-net.zip,2022-08-09 08:50:16
41,-1,4ba412a6-177d-11ed-8c0e-1cbfc0ccd488,https://github.com/rishit-singh/OpenShell.git,2022-08-09 08:51:06
42,-1,5de245c0-177d-11ed-9da5-1cbfc0ccd488,https://github.com/rishit-singh/OpenShell.git,2022-08-09 08:51:51
43,-1,22f70088-177e-11ed-880d-1cbfc0ccd488,https://github.com/rishit-singh/OpenShell.git,2022-08-09 08:57:05
44,-1,350136cc-177e-11ed-8b14-1cbfc0ccd488,https://github.com/rishit-singh/OpenShell.git,2022-08-09 08:58:18
46,-1,a45c577a-1782-11ed-87db-1cbfc0ccd488,https://github.com/rishit-singh/OpenShell.git,2022-08-09 09:29:01
48,2,8d2dc086-1784-11ed-a083-1cbfc0ccd488,https://github.com/rishit-singh/OpenShell.git,2022-08-09 09:42:41
50,2,1775e42e-1785-11ed-b69b-1cbfc0ccd488,https://github.com/rishit-singh/OpenShell.git,2022-08-09 09:46:34
52,2,b464c24a-1786-11ed-89ba-1cbfc0ccd488,http://localhost:82/Temp/wm-data-net.zip,2022-08-09 09:58:06
54,2,725567a2-17b2-11ed-8188-1cbfc0ccd488,https://github.com/rishit-singh/OpenShell.git,2022-08-09 15:11:39
56,2,9dc1a1e2-17b4-11ed-bf82-1cbfc0ccd488,https://github.com/rishit-singh/OpenShell.git,2022-08-09 15:27:07
57,2,2ea4c506-17b5-11ed-af75-1cbfc0ccd488,https://github.com/rishit-singh/OpenShell.git,2022-08-09 15:31:02
58,2,cea06d4a-17b5-11ed-a031-1cbfc0ccd488,https://github.com/rishit-singh/OpenShell.git,2022-08-09 15:35:17
59,2,f833f48c-17b5-11ed-ae84-1cbfc0ccd488,https://github.com/rishit-singh/OpenShell.git,2022-08-09 15:36:29
60,2,498918c6-17b6-11ed-a6d4-1cbfc0ccd488,https://github.com/rishit-singh/OpenShell.git,2022-08-09 15:38:46
61,2,a67b6468-17b6-11ed-9a27-1cbfc0ccd488,https://github.com/rishit-singh/OpenShell.git,2022-08-09 15:42:01
62,2,0d6f1de2-17b7-11ed-b519-1cbfc0ccd488,https://github.com/rishit-singh/OpenShell.git,2022-08-09 15:44:12
63,2,993f7e9a-17b7-11ed-b344-1cbfc0ccd488,https://github.com/rishit-singh/OpenShell.git,2022-08-09 15:48:28
64,-1,b6bfc236-17b7-11ed-ace8-1cbfc0ccd488,https://github.com/rishit-singh/OpenShell.git,2022-08-09 15:49:56
65,2,579101c6-17b8-11ed-94eb-1cbfc0ccd488,https://github.com/rishit-singh/OpenShell.git,2022-08-09 15:53:33
66,2,d1fb5d82-17b8-11ed-9a7f-1cbfc0ccd488,http://localhost:82/Temp/wm-data-net.zip,2022-08-09 15:56:51
67,2,de83465c-17b9-11ed-bb4d-1cbfc0ccd488,http://localhost:82/Temp/wm-data-net.zip,2022-08-09 16:04:21
68,2,3353dcda-17ba-11ed-a95d-1cbfc0ccd488,http://localhost:82/Temp/wm-data-net.zip,2022-08-09 16:06:44
69,2,28c1beb6-17bc-11ed-93c6-1cbfc0ccd488,http://localhost:82/Temp/wm-data-net.zip,2022-08-09 16:20:45
70,2,544c931e-17bc-11ed-bcb9-1cbfc0ccd488,http://localhost:82/Temp/wm-data-net.zip,2022-08-09 16:21:58
71,2,5f134fec-17bc-11ed-abe2-1cbfc0ccd488,http://localhost:82/Temp/wm-data-net.zip,2022-08-09 16:22:16
72,2,b49c3934-1883-11ed-9251-1cbfc0ccd488,http://localhost:82/Temp/wm-data-net.zip,2022-08-10 16:09:10
73,2,dc57cad2-1884-11ed-9ded-1cbfc0ccd488,http://localhost:82/Temp/wm-data-net.zip,2022-08-10 16:17:26
74,2,c2729fde-1885-11ed-a13b-1cbfc0ccd488,https://github.com/rishit-singh/OpenShell.git,2022-08-10 16:24:20
75,2,705935e4-1888-11ed-a9a8-1cbfc0ccd488,https://github.com/rishit-singh/OpenShell.git,2022-08-10 16:43:11
76,2,d713205a-1888-11ed-ba6d-1cbfc0ccd488,https://github.com/rishit-singh/OpenShell.git,2022-08-10 16:45:58
77,2,633f8aec-1889-11ed-acda-1cbfc0ccd488,https://github.com/rishit-singh/OpenShell.git,2022-08-10 16:49:54
78,2,d6df6d8c-1889-11ed-a0cf-1cbfc0ccd488,https://github.com/rishit-singh/OpenShell.git,2022-08-10 16:53:06
79,2,432c082e-188a-11ed-b2bc-1cbfc0ccd488,https://github.com/rishit-singh/OpenShell.git,2022-08-10 16:56:49
80,-1,f95fcf7a-188a-11ed-901d-1cbfc0ccd488,https://github.com/rishit-singh/OpenShell.git,2022-08-10 17:02:12
81,-1,220ae0e2-188b-11ed-9135-1cbfc0ccd488,https://github.com/rishit-singh/OpenShell.git,2022-08-10 17:03:21
82,2,51ce6e9e-188b-11ed-816e-1cbfc0ccd488,https://github.com/rishit-singh/OpenShell.git,2022-08-10 17:04:26
83,2,1d08229a-188c-11ed-b9f3-1cbfc0ccd488,https://github.com/rishit-singh/OpenShell.git,2022-08-10 17:09:23
84,2,67162fda-188c-11ed-8048-1cbfc0ccd488,https://github.com/rishit-singh/OpenShell.git,2022-08-10 17:11:28
85,2,7cb4a936-188c-11ed-8e5f-1cbfc0ccd488,https://github.com/rishit-singh/OpenShell.git,2022-08-10 17:12:02
86,2,7698711a-188d-11ed-96b6-1cbfc0ccd488,https://github.com/rishit-singh/OpenShell.git,2022-08-10 17:19:08
87,2,5629a690-188e-11ed-8fd7-1cbfc0ccd488,https://github.com/rishit-singh/OpenShell.git,2022-08-10 17:25:16
88,2,6d6a0a34-188e-11ed-a0cd-1cbfc0ccd488,https://github.com/rishit-singh/OpenShell.git,2022-08-10 17:25:55
89,2,88209068-188e-11ed-b445-1cbfc0ccd488,https://github.com/rishit-singh/OpenShell.git,2022-08-10 17:26:42
90,2,92808002-188e-11ed-9735-1cbfc0ccd488,https://github.com/rishit-singh/OpenShell.git,2022-08-10 17:27:17
91,2,d8f01034-188e-11ed-978e-1cbfc0ccd488,https://github.com/rishit-singh/OpenShell.git,2022-08-10 17:29:20
92,2,09fd36fe-188f-11ed-851a-1cbfc0ccd488,https://github.com/rishit-singh/OpenShell.git,2022-08-10 17:30:39
93,2,4aefebfa-188f-11ed-8277-1cbfc0ccd488,https://github.com/rishit-singh/OpenShell.git,2022-08-10 17:32:29
94,2,89efd354-188f-11ed-b4cc-1cbfc0ccd488,https://github.com/rishit-singh/OpenShell.git,2022-08-10 17:33:54
95,-1,c4078454-188f-11ed-87f1-1cbfc0ccd488,https://github.com/rishit-singh/OpenShell.git,2022-08-10 17:35:58
96,-1,dc11840a-188f-11ed-8281-1cbfc0ccd488,https://github.com/rishit-singh/OpenShell.git,2022-08-10 17:37:10
97,-1,0e4b8ea6-1890-11ed-b7d9-1cbfc0ccd488,https://github.com/rishit-singh/OpenShell.git,2022-08-10 17:38:36
98,2,5dfef7ba-1890-11ed-bc39-1cbfc0ccd488,https://gitee.com/nicollin/test.git,2022-08-10 17:39:50
99,2,85cccdfa-1890-11ed-a677-1cbfc0ccd488,https://gitee.com/nicollin/test.git,2022-08-10 17:40:53
100,2,09b2b51c-1891-11ed-bd80-1cbfc0ccd488,https://gitee.com/nicollin/test.git,2022-08-10 17:44:34
101,2,6d5fd9a8-1891-11ed-b2d9-1cbfc0ccd488,https://gitee.com/nicollin/test.git,2022-08-10 17:47:22
102,2,7e489ec0-1891-11ed-a669-1cbfc0ccd488,https://gitee.com/nicollin/test.git,2022-08-10 17:47:56
103,2,cf2a7950-1891-11ed-9779-1cbfc0ccd488,https://gitee.com/nicollin/test.git,2022-08-10 17:50:11
104,2,026c5ab6-1892-11ed-bfcb-1cbfc0ccd488,https://gitee.com/nicollin/test.git,2022-08-10 17:51:34
105,2,6cedd33a-1892-11ed-9f8d-1cbfc0ccd488,https://gitee.com/nicollin/test.git,2022-08-10 17:54:31
106,2,af024178-1892-11ed-9058-1cbfc0ccd488,https://gitee.com/nicollin/test.git,2022-08-10 17:56:21
107,2,bd49a040-1892-11ed-a758-1cbfc0ccd488,https://gitee.com/nicollin/test.git,2022-08-10 17:56:47
108,2,d697350a-1893-11ed-a003-1cbfc0ccd488,https://gitee.com/nicollin/test.git,2022-08-10 18:04:37
109,2,e261969e-1893-11ed-80d6-1cbfc0ccd488,https://gitee.com/nicollin/test.git,2022-08-10 18:04:57
110,2,3fe13e7a-1894-11ed-8dc9-1cbfc0ccd488,https://gitee.com/nicollin/test.git,2022-08-10 18:07:35
111,2,53c1f99e-1894-11ed-af78-1cbfc0ccd488,https://gitee.com/nicollin/test.git,2022-08-10 18:08:11
112,2,75bde138-1894-11ed-9d6a-1cbfc0ccd488,https://gitee.com/nicollin/test.git,2022-08-10 18:09:05
113,2,b29d8128-18a3-11ed-a691-1cbfc0ccd488,https://gitee.com/nicollin/test.git,2022-08-10 19:58:14
114,2,c5e130b0-18a3-11ed-b041-1cbfc0ccd488,https://gitee.com/nicollin/test.git,2022-08-10 19:58:44
115,2,309f18b4-18a4-11ed-9455-1cbfc0ccd488,https://gitee.com/nicollin/test.git,2022-08-10 20:01:40
116,2,b8e4692e-18a4-11ed-9eb2-1cbfc0ccd488,http://localhost:82/Temp/wm-data-net.zip,2022-08-10 20:05:30
117,2,d12bc11c-18a4-11ed-b411-1cbfc0ccd488,http://localhost:82/Temp/wm-data-net.zip,2022-08-10 20:06:11
118,2,028a9138-18a5-11ed-a58d-1cbfc0ccd488,http://localhost:82/Temp/wm-data-net.zip,2022-08-10 20:07:34
119,2,11d2240a-18a5-11ed-9df9-1cbfc0ccd488,https://gitee.com/nicollin/test.git,2022-08-10 20:07:58
120,2,3ab9b7b0-18a5-11ed-aeae-1cbfc0ccd488,https://gitee.com/nicollin/test.git,2022-08-10 20:09:11
